<?xml version="1.0" encoding="UTF-8"?>
<beans xmlns="http://www.springframework.org/schema/beans"
	xmlns:xsi="http://www.w3.org/2001/XMLSchema-instance"
	xmlns:aop="http://www.springframework.org/schema/aop"
	xsi:schemaLocation="http://www.springframework.org/schema/beans http://www.springframework.org/schema/beans/spring-beans.xsd
		http://www.springframework.org/schema/aop http://www.springframework.org/schema/aop/spring-aop-3.2.xsd">
<bean id="ds" class="org.springframework.jdbc.datasource.DriverManagerDataSource">  
<property name="driverClassName" value="com.mysql.jdbc.Driver" />  
<property name="url" value="jdbc:mysql://localhost:3306/company?useSSL=false" />  
<property name="username" value="root"/>  
<property name="password" value="root" />  
</bean>  
  
<bean id="jdbctemplate" class="org.springframework.jdbc.core.JdbcTemplate" >  
<property name="dataSource" ref="ds"></property>  
</bean>  
  
<bean id="sdao" class="com.syntel.StudentDao" autowire="byType">  
<!--  <property name="jdbctemplate" ref="jdbcTemplate"></property>-->  
</bean>  

</beans>
